"Transcript file","Anchor 1: Values","Anchor 2: Capabilities and Constraints","Anchor 3: Meanings and Practices","Anchor 4: Misalignment","Anchor 5: Provocation"
"transcripts/Co design systhesis Transcripts/transcript_workshop1.txt","TEAM framing (no community present). Efficiency, optimization and cost reduction dominate; removing the human is treated as a gain: ""AV can anticipate the shortage of food. No communication from human"" (CLUSTER: Communication, [Idea]). A relational minority pushes back: ""How might we ensure there is a human element/touch with AVs used as a social service for those they serve, delivery"" (CLUSTER: Logistics, [HMW]).","Constraints the team names FOR the community: time poverty, information gaps, being homebound, aging volunteers, missing rural infrastructure. ""How might we design a moving spaces to solve neighbors service access issues (time constraint, information gap)"" (CLUSTER: Community Resource Connection, [HMW]). Capability-as-asset framing is largely absent; the community is framed as a problem to solve, not a set of existing capacities.","Mobility framed almost entirely as logistics: moving food, supplies and labor between banks, pantries and doors. ""Community AV that all pantries have access to for pantry to pantry transportation (volunteers, food, supplies)"" (CLUSTER: Food Supply Demand, [Idea]). A competing meaning surfaces in a few stickies: ""Using AV's to pick up people instead of food"" (CLUSTER: Logistics, [Idea]).","This transcript is itself an artifact of the misalignment: efficiency logic is the design team's own first instinct, not an outside vendor's. Face verification and access codes vs low-barrier help: ""Should have some sort of face verification to ensure food is handed to the right person"" (CLUSTER: Privacy, [Idea]). Loneliness reframed as a machine feature: ""Senior citizens are lonely, become friends with AV"" (CLUSTER: Logistics, [Idea]). Value at stake: relational trust.","YES, the whole session is a speculative AV brainstorm (internal team). Ideas: mobile pantries and common spaces that park and wait for neighbors; AVs as connective infrastructure linking farmers, banks, pantries and families; AVs for people not food (rides to medical appointments, homebound neighbors, aging volunteers); refrigerated AV storage for pantries. ""How might AV help home bound neighbors come to the pantry"" (CLUSTER: Home Bound Neighbors, [HMW]). Concerns attached: client data privacy, keeping a human in delivery, not losing the pantry as a social hub. No sticky names who would be excluded."
"transcripts/Co design systhesis Transcripts/transcript_workshop3.txt","STAKEHOLDERS and planners (no clients present). Social service framed as relational, not transactional, and named as something AV design must be deliberate about: ""Social service meaning relational engagement not transactional"" (SECTION: What would AV address, cluster header). Transit-equity value: serve where people need to go. End-user burden proposed as the success measure against financial ROI: ""new metrics that measure the weights of burden"" (cluster: ROI).","Constraints: transportation is a top client barrier but chronically underfunded and never funded as a primary service (""It is often bundled as a need with grants for other areas rather than being funded as a primary service"", cluster: Funding & decision criteria); fixed-route transit cannot serve the singular or the first/last mile; pantry hours collide with work hours; federal food-program rules generate the friction; homebound people are left out of the ideation itself. Capability framing is thin; nearest is the MPO Serve committee that includes transit riders.","For homebound people the delivery is the human contact: ""Delivery person might be the only point of human contact the home bound people might have"" (cluster: Home Bound). The existing system already moves people to food and food to people through overlapping programs run with heavy coordination cost. Debated: should the AV move food, move people, or move people with food. Routes are drawn by housing density and infrastructure counts; food deserts named as a factor ""but not yet"" used.","Planning done without the community: ""Neighbor have ideas imposed on them. Their needs are not accommodated"" (cluster: People centered, Input/decision making). Value: community participation. Transit optimized for the most people by design does not serve the singular or homebound (equitable access). Funders bundle and underfund transportation (equitable access). Financial ROI is the wrong yardstick for a public-good service. Automaker interest openly named as the driver: ""Biggest ROI of AV as a social service is the adoption rate of AV"" vs ""Serving Automakers interest in building infrastructure"" (board annotation). Value: MaSS vs product-adoption logic.","YES, board framing questions are ""Barriers for AVs adoption"", ""How would AV works in terms of service?"", ""What would AV Address"". Reactions: skepticism it is a general solution (""AV cannot be designed for everyone. It's not the next big solution"", cluster: Personalized services); regional and institutional reluctance to adopt at all; strongest positive use case is small AVs as micro-transit shuttles for the first and last mile between transit lines and pantries; AV as capacity multiplier for the network. Binding condition: it must be intentionally relational and not one-size-fits-all. A cited pilot stat (""G2G Program: 85% success with AV"") has no source in the transcript."
"transcripts/Focus Groups/Plaud Hope_Food_Pantry-transcript.txt","Mutual care as unquestioned duty: ""Nothing. I don't ask questions. Look at you saying nothing. I don't get it. I don't ask questions."" (00:20:56, Speaker 5). Dignity, pride and stigma around asking, sometimes overcoming one's own past judgment (""I ain't going to no pantry... But that was me... I'm the person who need it now"", 00:22:35, Speaker 8). Being known earns exceptions. Faith and the pantry as the last safety net: ""The pantry is all we got to rely on."" (00:17:58, Speaker 1). The ideal meal is people and completeness, not food: ""I want freedom from being broke."" (00:14:09, Speaker 1).","Capabilities: sustained informal care distribution (""Monday through Thursday I'm at her house"", 00:20:31, Speaker 8, on a 93 year old neighbor), lifelong neighborhood knowledge, entrepreneurial skills and credentials, a car that turns one person into a distribution node. Constraints: benefit cliffs (""my dad was $74 over... so you don't get nothing"", 00:41:07), hours cut 40 to 20, no license (""I've never had a license"", 00:47:10), bus stops far from destinations, food desert with predatory pricing, pantry stocks food only not household or hygiene goods, a 2020 record blocking rehire.","Mobility is caregiving: ""you're going to different places trying to just get enough to feed two or three households"" (00:20:13, Speaker 8). One client wakes at 6 a.m. to stand in line, then redistributes to the homebound. Pickup is from inside cars; in winter the line is a line of vehicles and the carless are exposed. Clients also move information, briefing each other on benefit changes, a proposed shelter, a data center. The researcher names the care work as infrastructure: ""carrying each other. That's very precious, kind of using the terms infrastructure."" (00:54:18, Speaker 2).","In-person self-collection rule vs the homebound the community is feeding: ""She can't get out and get this. But then you can't take it to her because the person has to be here to get the benefits."" (00:19:42, Speaker 8); rule rationale is fraud prevention. Zip-code eligibility gates better-stocked pantries. Saturday-morning hours collide with work. Food-only stock misses household and hygiene needs. Hiring systems surface old records. Institutions dropping ""community"" from their names: ""you took the community out"" (00:57:03, Speaker 2). Automation arriving in low-wage work without consultation (White Castle kiosks).","YES, the researcher raises driverless vehicles twice. Cautious yes, framed through personal mobility gaps: ""I would take a car. You know why?... I don't know how to drive. I've never had a license. If a car could drive me... I could put the address in and I'll just sit there and go, la, listen to my music, dance, and the car just be rolling on where I'm going."" (00:47:10, Speaker 7). Use cases named: reaching destinations the bus does not, not standing in the winter cold. Backdrop of fear that automation is already taking jobs (""Oh, yeah, it's horrible""). Bus vouchers volunteered as the low-tech version: ""bus vouchers would be good for people, too."" (00:48:32, Speaker 8)."
"transcripts/Focus Groups/Plaud Ministries of Love transcript.txt","Mutual aid extended to homeless neighbors at the door: ""it ain't just for me and my family it's other people in our neighborhood that know there's homeless... i'll come up to the door and you got something i can eat."" (00:46:25, Speaker 3). Intergenerational family living as a deliberate care model (""we're like the old school where you got all the family living"", 00:26:11). Being listened to is itself a service: ""Sometimes you just need someone to listen to you."" (00:42:32, Speaker 3). Several ""ideal meal"" plates are memorials to a lost spouse.","Capabilities: deep knowledge of the resource landscape (Community Compass, 211, produce days), self-taught cooking adapted for a diabetic household, shared-household meal logistics five days a week, peer help (""I work in real estate on the side. I can try and help you navigate that"", 00:09:10, Speaker 7). Constraints: a broken-down car threatening a job orientation, cannot afford glasses because of property taxes, a home misclassified as commercial and never given the homestead deduction in eight years, unresolved medication interactions, transportation named as why neighbors cannot reach the pantry.","The pantry visit is one node in a redistribution circuit: surplus cooked into daily meals handed out at the door. Mobility inside the household: ""Everybody goes to somebody else's different days."" (00:35:09, Speaker 7). For this group the pressing trip is to work and to a job orientation, not only the pantry. Information mobility is constant (which pantry stopped stocking meat, which store is cheaper). Outreach should be face to face: ""not everybody has the phone. sometimes just putting a couple people out handing out [flyers]"" (00:45:16, Speaker 3).","A nearby pantry replaced first-come-first-served with a card-shuffler lottery: ""you can be the first ones in line and not get out. Until six o'clock at night."" (00:22:13, Speaker 7). Value: flexibility for variable need and respect for time. No food choice, leaving diabetic clients with starch. A pantry narrowed its stock to snacks. Resource navigation gated behind a smartphone. A mandatory monthly class where the program failed to tell enrolled clients it had started. Property-tax system defaulted a widow's home to commercial, doubling her bill. Transit the intended riders cannot afford: ""what's the sense in having a public transportation if you still can't afford the public transportation"" (00:49:50, Speaker 7).","YES, the facilitator raises AVs directly. Qualified yes with an immediate misuse concern rooted in neighborhood knowledge: ""I think it would, but it would have to be on issues... they could be using it for drugs"" (00:48:34, Speaker 3). Concrete design condition offered by participants: ""limit the destinations to like pantries and grocery store"" (00:49:07 to 00:49:19, Speakers 3 and 7). Who it would help: older people who cannot drive and cannot afford the bus on a fixed income. Bus passes again volunteered as the immediate fix."
"transcripts/Focus Groups/Old Bethel Interview Transcript.docx","Single-informant interview with a community weaver / advocate. Help as a universal obligation and a self-perpetuating cycle: ""help is universal. To extend your hand"" (13:28). The church pantry is trusted because it is read as compassionate and non-judgmental. Shame and pride are the defining emotional texture across cultures: ""welfare, food, you're in the pantry, you're dirty. It's almost like the mental ill still, stigma."" (55:51). The pantry as a social and dignity space, not only food. Independence voiced as the client goal, sometimes as never wanting to come back.","Capabilities: the weaver is himself dense infrastructure (20 years, 3 pantries, recruits interpreters from among clients); multilingual refugee clients (""they speak six, seven... languages. We speak one"", 11:50); word-of-mouth networks (""the original internet right there"", 01:13:45); a client surplus-swap; resourcefulness in use. Constraints: transportation is named as the single biggest obstacle (no bus stop near the pantry, no sidewalks, walking with a box and children); language barrier at computer intake; no phone, wifi, or literacy for a digital job application; childcare cost exceeds the wage; benefit cliffs; demand tripled.","The pantry trip is routine and a source of stability: ""It's almost like, yeah, coming to a job almost."" (01:00:58). Multi-pantry circuits, two or three pantries a week. Walking with a stroller as a cart, cutting through a Dollar General lot because there is no safe route. The weaver runs a personal delivery route for homebound neighbors and a Christmas box operation that scaled to about twenty drivers. Information moves by mouth and by weekly sign-up tables at the pantry.","Shift from a choice or ""shopping"" model to a pre-packed box under volume pressure: ""Now we just put it in the box and move on. Because... the volume got so much from 100 to 350, 400, we couldn't just keep letting them stay in there."" (15:03). Visit frequency rationed from weekly to twice a month against continuous need. Card, number and ID intake. Adding a bus stop stalled behind an IndyGo feasibility study while people walk with boxes in the cold. A data-collection rule stopped the pantry recording nationality, hampering interpreter planning. The new building designed as a drive-through for flow. FSSA renamed ""family and social resources"". Hiring moved online, closing the walk-in route.","NO. No AV, automation, or future-mobility prompt was asked. Adjacent, not AV: the transportation-solution conversation is entirely low-tech; the weaver is lobbying IndyGo for a bus stop and names gas cards and bus passes as the resources to build out: ""Resource for like bus passes and stuff like that. We're gonna start trying to do that too. Gas cards"" (54:12)."
"transcripts/AI Interviews/Hope/Participant 01 Hope/Participant 01 Hope.docx","Reciprocity and immediate giving: the client's first move is to offer the interviewer a Medicare resource for others: ""I'm give you a flyer if you're interested in coming out."" (Interviewee 09:08:48). Gratitude that the pantry exists and is kind. Faith as what sustains. Solidarity: ""that makes my day better, to know that you're there for people when they're in their time of need."" (Interviewee 09:14:46).","Capability: multigenerational household support and active community organizing (""I have my godmother, 65, in my home and we got a 15 year old in the house"", 09:10:07); has a car, easy trip off the highway. Constraint: cost of food and medication rising (""the cost of food and everything just skyrocketing, including meds"", 09:12:15). First-time user, connected through a relative's church.","Practice of mobility: drives, values the highway-adjacent location as easy ""for probably a lot of us"". Meaning: the pantry connects into a household that is itself a care hub for an older adult and a teenager, and into a church referral network.","The misalignment here is in the research instrument, not the pantry service (client reports no barriers, no unmet want). The AI loops one scripted line at least four times, cuts the client off, and does not engage her relational bids (the Medicare flyer, offers to help others), acknowledging only with ""Understood"" (Alex 09:09:04). Value at stake: relational trust. A client who arrives wanting to give is processed only as an interview subject.","No formal AV or future-mobility prompt. Adjacent, automation reaction: asked how the AI interview felt, ""It was different, but cool."" (Interviewee 09:15:43)."
"transcripts/AI Interviews/Hope/Participant 02 Hope/Participant 02 Hope.docx","Sincerity and genuine care from pantry helpers is what makes the client comfortable: ""The sincerity from the pantry helpers."" (Interviewee 09:08:26). Being met and talked to in person, and served quickly. Family as both the reason and the support: ""My will to survive."" then ""My son."" (09:09:21 and 09:09:31).","Capability: has a vehicle, the trip is easy. Aspiration: wants to learn a craft skill and asks for help starting (""I would love to learn how to crochet""; ""I would like to get help on how to start doing it"", 09:10:13 and 09:10:27). Constraint: cannot afford enough food (""Able to afford more food"", 09:09:07). Came the first time out of immediate need.","Practice of mobility: drives, short easy trip; no care-for-others mobility mentioned. Practice at the pantry: a curbside or drive-up model, staff come out to the vehicle with paperwork and food.","No clear misalignment on the pantry service; the client asks for it to ""just stay the same"" (09:09:56). Minor, on the instrument: the AI repeats a question (""What helps you keep going when things are tough?"", 09:09:23 and 09:10:31) and cuts itself off; the client answers several prompts with ""Skip."" Contrary evidence: not every client experiences friction.","Not addressed in this transcript. The final AI-experience question was asked but the client's answer is missing (transcript truncated)."
"transcripts/AI Interviews/Hope/Participant 03 Hope/Participant 03 Hope.docx","Deservingness and solidarity: hesitates to take help in case someone else needs it more: ""Whether somebody else needs it more."" (Interviewee 08:45:30). Comfort and belonging matter and are not yet felt; this is a first visit and the dominant feeling is uncertainty: ""Just not sure if I'm in the right place."" (08:44:50). Friends as what sustains.","Capability: has a vehicle. Constraint: unpredictable income and the difficulty of budgeting around it (""Income predictability"", 08:46:25); a gap week when the school meal program is closed; first-time user, referred through school, arriving anxious (""A little bit of anxiety"", 08:44:38).","Practice of mobility: drives; first trip so no established routine. Meaning: the pantry is filling a specific calendar gap (the week school meals stop), used as a scheduled supplement rather than an emergency.","First-visit onboarding: an anxious first-timer is unsure whether she is even in the right place, and neither the pantry (before arrival) nor the AI resolves it (""What would help you feel more sure about being in the right place?"" / ""I don't know.""). Value at stake: equitable access and relational trust at the threshold. She also confirms uncertainty about the legitimacy of asking (""Do you ever feel uncertain about asking for help?"" / ""Yes."", 08:45:12). The client disengages, answering ""Skip"" or ""I don't know"" to about half the prompts.","No AV prompt. Adjacent, automation reaction, minimal: asked how the AI interview felt, ""Okay?"" (Interviewee 08:49:12), reading as disengagement rather than endorsement."
"transcripts/AI Interviews/Hope/Participant 04 Hope/Participant 04 Hope.docx","Being personally greeted and informed is what creates comfort: ""They come out and they talk to you. They introduce themselves and they let you know what they have available."" (Interviewee 08:42:40). Putting others first, especially families with children: ""I would rather somebody else to have it, especially if they have children."" (08:44:20). Faith and connection as what sustains. Gratitude framed as the pantry doing more than it realizes.","Capability: drives, easy familiar trip, knows the route and knows people at the pantry. Aspiration: to be the one who helps others (""If I was financially stable, that would be it"", 08:44:03). Constraint: low income, sharpened by the holidays (""money is low, and anything could help"", 08:42:14). First-time user, referred by a family member.","Practice of mobility: drives; trip is easy and familiar; no care-for-others mobility, though the client frames herself as someone who would give if able. Meaning: the pantry visit is timed to the holidays as a one-time reach for help, not yet an ongoing routine.","No clear misalignment on the pantry service (first visit, comfortable, ""no complaints""). On the instrument: the AI cuts itself off (""Right. How could the..."", 08:43:19) and there is an unexplained four-minute gap; the client declined the offered two-minute extension. Contrary evidence: another client who experiences the pantry as sufficient and warm.","Not addressed in this transcript. The client was offered an interview time extension and declined."
"transcripts/AI Interviews/Hope/Participant 05 Hope/Participant 05 Hope.docx","Universal need, no shame: ""Hey, it's Thanksgiving. Everybody need help?"" (Interviewee 08:32:15). Comfort asking, grounded simply in real need: ""No uncertainty."" then ""Because I need the help."" Resilience as a stance: ""You got to keep going. You got to keep push."" (08:34:50). (Transcript is degraded and interleaved with pantry-line crosstalk.)","Capability: has a car, easy trip; this client is also working the pantry line, collecting names and zip codes so people can hold their place (""I need to get your information so you can stay in line... What's the zip code?"", 08:35:07). Constraint: wants more meat than the pantry provides (""More meat."" / ""They're not giving it away."", 08:33:52).","Practice of mobility: drives. Also ""We work through the weekend"" and coordinating pickups, though the transcript is too broken to be sure for what. The client is simultaneously a recipient and a volunteer running intake, a blurred role.","Meat scarcity, the same complaint as the Ministries of Love focus group and Old Bethel (""More meat."" / ""They're not giving it away."", 08:33:52). Value at stake: flexibility for variable need. The AI interview was run in the middle of live pantry work and could not hold the client's attention: ""Same question."" (08:33:28), after three near-identical comfort questions in a row.","Not addressed in this transcript. Transcript truncated."
"transcripts/AI Interviews/Hope/Participant 06 Hope/Participant 06 Hope.docx","Comfort comes from the people being ""friendly and welcoming."" (Interviewee 08:31:32). What the client wants added is warmth, not a thing: ""A smile."" (08:34:41). Generous toward the pantry despite an exhausted, minimal interview: ""They're doing their best."" (08:32:58).","Capability: has a car, five-minute drive. Constraints: no money (""Money."" / ""I don't have any."", 08:32:16 and 08:32:26); no rest because of work (""Because I haven't had any."" / ""Work."", 08:33:37 and 08:33:44); traffic on the short trip. Referred by Purdue Polytech; came because they ""needed the help"" with food.","Practice of mobility: drives, five minutes, slowed by traffic; nothing about moving for others. Meaning: thin; the client is depleted (no sleep, no money, working) and the pantry is a short errand layered onto that.","The misalignment is in the instrument: the AI extracts emotional labor from an exhausted person and gives nothing back. It mishears ""sleep"" and builds a question on the error (""What makes sleep feel like something you really want more of right now?"", 08:33:32), repeats a question, and asks about the client's ""kids"" when she said a name. Value at stake: relational trust and respect for the client's state. No clear misalignment on the pantry service itself (""Nothing"", 08:32:02, on unmet wants).","Not addressed in this transcript."
"transcripts/AI Interviews/Ministries of Love/Quincey AI shashi.docx","Human-led interview. The pantry as reciprocal community-building: ""knowing that they make an impact in my life and I make an impact in their life"" (Speaker 2, 03:42). Stability, not abundance, as the shared aspiration: ""a lot of people. They don't really want the lavish lifestyle really, like they just want stability."" (03:18). Faith and being rooted for by others as what sustains. The pantry as inspiration: seeing it makes him want to do the same when more stable.","Capability: he is the household cook and food-getter for a two-person home and works; walks everywhere as routine (""I walk everywhere"", 08:15); pursuing pro-wrestling training, already volunteering at the school. Capability/constraint pair: can walk any distance but cannot carry a loaded return trip (""the most challenging part is going back because I have the bags"", 01:46). Constraint: affordable stores are a two-hour walk, the only close store is expensive; food prices at ""astronomical highs"".","Meaning of mobility: walking is his default and his identity, not framed as deprivation, but the load is the limit. Practice: walks 30 minutes each way to the pantry carrying bags home; buys in bulk; sometimes has someone go with him to the store. Practice he has ruled out: the bus, because bulk shopping and bus travel do not mix (""carrying all that onto the bus... it messed with my nerves a bit"", 09:05).","The food environment: affordable groceries are a two-hour walk from a carless household and the reachable store is priced out of routine use (""the closest all these around here. It's like a two-hour walk for me"", 08:15). Value at stake: equitable access. Public transit does not fit the grocery trip. Small tension: the pantry does not stock drinking water, which is heavy and costly for the carless.","Not addressed in this transcript. No AV or future-mobility prompt was asked, despite this participant being close to the exact profile an AV service would target (carless, walks everywhere, load-limited, food desert). That is a gap in the interview design, not a finding."
"transcripts/AI Interviews/SEC/Participant 01/Participant 01.docx","Carrying a family alone after loss, with a shrinking support network: ""Their mom got killed in a car crash six years ago, and I've been raising them by myself after my husband died four years ago of cancer"" (turn 6). Skepticism that speaking up leads anywhere: ""I don't know if somebody's going to actually listen or whatever"" (turn 21).","Capability: full-time kinship caregiver and the family's driver, now also driving the older grandchildren (""I have to play Uber and Lyft to my older grandkids that are having transportation issues"", turn 18). Capability/constraint pair: wants part-time work but caregiving and driving set the limit. Constraints: benefit cliff (did not qualify for food stamps); registering with the pantry was itself hard (""the first time I've gotten through to register"", turn 8).","Practice of mobility: trip-chaining; the pantry works because it is on the route she already drives for the Boys and Girls Club pickup. She is the transportation of last resort for the extended family. Meaning: mobility is caregiving; her trips are almost all on someone else's behalf.","Getting registered was a repeated barrier, named three times as the thing that finally worked ""this time"" (turns 8 and 19). Value at stake: equitable access. A referral that went nowhere: ""I had took in information and I never heard back from them."" (turn 13). Value: relational trust. The AI interview leaves her unsure it matters (turn 21).","No AV prompt. Adjacent, automation reaction, lukewarm with a trust concern: ""It was okay. I don't know if somebody's going to actually listen or whatever"" (turn 21)."
"transcripts/AI Interviews/SEC/Participant 02/Participant 02.docx","Choice and non-waste. What drew the client to SEC was being able to pick her own items: ""So we didn't get stuff we didn't need and not use it."" (turn 4). Family as motivation: ""Just wanting to do better for them."" (turn 24).","Capability: drives, short trip; aspiration to go into medical work, blocked by ""Education."" (turn 20), asks for ""Certification programs."" Constraints: time is the reason she will not try the pantry's other programs (""Time."", turn 10); gas cost makes distance matter (""it's less driving and easier on gas"", turn 7).","Practice of mobility: drives a short distance; proximity valued mainly as a fuel saving. Meaning: thin; the pantry is a close, low-cost errand.","The pantry's wraparound programs do not fit around the client's time, and the fix she names is scheduling control: ""Being able to schedule when you need to."" (turn 12). Value at stake: flexibility for variable need. Contrary evidence (positive): SEC's choose-your-own-items model is experienced as a real improvement over a pre-packed box, on dignity and waste grounds.","No AV prompt. Adjacent, automation reaction: ""Good."" (turn 27)."
"transcripts/AI Interviews/SEC/Participant 03 SP/Participant 03 SP.docx","Spanish-language interview (quotes are translations). Kindness and being treated well every visit: ""they are very good people, and whenever I come, they are kind."" (Interviewee 16:21:10). Emotional stability named as equal in importance to financial stability.","Capability: drives, lives close, 15-minute trip; bilingual and actively wanting to strengthen English to enter the workforce. Constraints: language (""The language."", 16:19:37, on what holds her back from seeking help); immigration status (""I'm not a resident of the USA""); no information about where to get free English classes or job-market prep.","Practice of mobility: drives, short trip; found the pantry because it shares a site with a clinic she was already visiting (""I came to the clinic across the street and noticed that they were distributing groceries"", 16:15:34). Meaning: thin; the pantry is one stop co-located with health care.","The pantry's wraparound services are not reaching a Spanish-speaking client; she had not heard of any of them and wants all of them but does not know how to access them (""I hadn't heard of anything other than the food pantry."", 16:17:25). Value at stake: equitable access. The fix she names is simply information she can act on.","No AV prompt. Adjacent, automation reaction, positive: the Spanish-language AI interview was clear and accessible (""Very good, very understandable."", 16:21:35). Counterpoint to the AI-interview critique: a Spanish-language automated interview lowered a language barrier."
"transcripts/AI Interviews/SEC/Participant 04 SP/Participant 04 SP.docx","Spanish-language interview (quotes are translations). Kindness, organization, and the pantry as a place of interaction and meetings, not just distribution (""Very good, they hold meetings, good interactions, they help people."", 16:10:52). A modest, concrete aspiration: ""everyone dreams of a quiet place, their house, their car"" (16:13:05).","Capability: working and getting by (""thank God, I am working, but not every day"", 16:13:58); has a car and is paying it off; wants to learn to read and speak English. Constraints: irregular work income; car payment sometimes hard to make (""currently I owe a car and sometimes the payment is difficult"", 16:14:15); language; wraparound help known only by hearsay.","Practice of mobility: drives; the pantry is close and the trip is simple. Meaning: thin; the car is both an asset (mobility) and a monthly strain (payment), so for this client being mobile is a debt.","A translator is provided but it is not enough; the client wants Spanish-fluent assistance and English teaching, an ongoing relationship in her language, not an interpreter at the counter: ""They always have a translator, but it would be good to have someone who can assist us in Spanish a bit and teach us to speak a bit of English."" (16:14:37). Value at stake: relational trust and equitable access. Wraparound services are known only as rumor and have not reached her.","No AV prompt. Adjacent, automation reaction, positive: ""Good, good, first time, but very good."" (16:15:21). Another Spanish-language AI interview experienced as positive."
"transcripts/AI Interviews/SEC/Participant 05/Participant 05.docx","Belonging to a community that will help, held as the main source of resilience: ""Knowing that I have a community to help."" (Interviewee 15:56:40). Predictability and structure as safety: ""Having structure at the facility."" (15:57:28). Family and children.","Capability: drives. Constraint: social anxiety, which shapes every interaction with the pantry and its programs (""Being around others that I'm not familiar with."", 15:58:30); time and a lack of clear program information; financial instability. Capability/constraint pair: wants social connection (would like to do Bingo, ""just being social"") but is held back from group programs by anxiety about unfamiliar people.","Practice of mobility: drives, and specifically values the drive-through format for keeping her out of a crowd: ""Having the sense of not being around a lot of people and being able to just drive through."" (15:55:08). Meaning: the pantry is a way to be supported by a community without having to be in a room with it.","The pantry's wraparound programs are delivered as in-person group settings, a barrier for a socially anxious client; the fix she names is not more contact but more predictability (""Having the right information with the right times and dates."", 15:57:03). Value at stake: flexibility for variable need. Contrary evidence (positive): the drive-through model, impersonal to some, is here a genuine accessibility feature.","Not addressed in this transcript. Final AI-experience answer missing (transcript truncated)."
"transcripts/AI Interviews/SEC/Participant 06/Participant 06.docx","Dignity and non-judgment as the precondition for accepting help: ""To be looked down upon."" (Interviewee 15:52:46); ""Lack of judgment, friendliness, openness."" (15:53:09). Self-reliance and unfamiliarity with the act of asking: ""I'm not really sure. Never had to ask."" (15:55:54). Providing for family as the motivation.","Capability: drives, lives close, actively resourceful (found the pantry through Community Compass plus a friend). Constraints: recent job loss and income anxiety; utilities (""struggling with utilities"", 15:55:14); does not know where to turn beyond the pantry (""Direction of help outside of the pantry."", 15:56:07); fear of judgment inside programs.","Practice of mobility: drives, short trip; the trunk is full so food goes in the back seat. Meaning: the pantry visit is a first, tentative step out of self-reliance for someone who has ""never had to ask.""","The AI interviewer cannot answer basic operational questions: asked how often the pantry runs and whether there is an online option, ""I don't have that information, but focusing on your experience..."" (Alex 15:57:15). Value at stake: equitable access to information and relational trust. What the client most needs, ""direction of help outside of the pantry"" for utilities and jobs, is exactly what the pantry has not provided in a usable form. Programs are avoided for fear of being judged.","No AV prompt. Adjacent, automation reaction, mixed: ""Very happy."" (15:57:27), though in the same exchange the AI failed to answer her practical questions."
"transcripts/AI Interviews/SEC/Participant 07/Participant 07.docx","Not addressed in this transcript. Transcript truncated under two minutes in; not enough content to code values.","Capability: drives. Constraint: unemployment (""Unemployment."", 15:49:20). Constraint: distance; unlike most SEC interviewees this client finds the trip hard (""I drive, and it's difficult because it's a far distance."", 15:49:35; ""It's about 20 minute drive."").","Practice of mobility: drives about 20 minutes; found the pantry online.","Pantry location: for this unemployed client the 20-minute drive is a named difficulty, cutting against the SEC pattern of ""close and easy."" Value at stake: equitable access. On the instrument: the AI repeated a question verbatim after the client said ""Repeat."" (Alex 15:49:51), then the transcript degrades and cuts off.","Not addressed in this transcript. Transcript truncated."
"transcripts/AI Interviews/SEC/Participant 08/Participant 08.docx","Not addressed in this transcript. Transcript truncated at about two and a half minutes; not enough content to code values.","Capability: drives, lives extremely close (""I drive. It's pretty easy."" / ""I live a minute away."", 15:46:08 and 15:46:16). Referred by a family member to get food.","Practice of mobility: drives, one minute; the pantry is effectively a neighbor.","No clear misalignment surfaced. On the instrument: the AI cut itself off (""What other"", Alex 15:46:53) and the transcript degrades into one-word fragments before ending.","Not addressed in this transcript. Transcript truncated."
"transcripts/AI Interviews/SEC/Participant 09/Participant 09.docx","Being productive as the reason for engaging with services: ""Being productive."" (Interviewee 15:37:24).","Capability: has used all of the pantry's wraparound services (job, financial, education); drives when she can, the trip is smooth. Constraint: transportation is unreliable, and losing it is what made her stop using the services (""No transportation."" / ""Not be able to get around."", 15:37:48 and 15:37:57). The fix she names: ""reliable transportation."" (15:38:05).","Practice of mobility: driving, when a vehicle is available; her access is intermittent, not absent. Meaning: transportation is the thing that determines whether she can stay connected to help; it is the hinge, not a detail.","The pantry's wraparound services are structured as recurring in-person commitments requiring sustained transportation; when the client's transportation failed there was no remote or delivered alternative and she dropped out entirely (""what made you hesitate or discontinue?"" / ""No transportation."", 15:37:48). Value at stake: equitable access and flexibility for variable need. This is the SEC transcript that most directly links transportation to program retention.","Not addressed in this transcript. Transcript truncated before any such question."
"transcripts/AI Interviews/SEC/Participant 10/Participant 10.docx","Everything is oriented to the children's future: ""Because it's better future for my kids."" (Interviewee 15:35:10). Gratitude; the pantry is judged as already doing a lot (""I think he already support me a lot."", 15:35:21).","Capability: bilingual, enrolled in school every day, close to a medical assistant license (""I almost get my license for the medical assistant"", 15:33:44); drives. Constraint: full-day school leaves no room to work right now; did not know job coaching existed, and what she wants from it is concrete placement help (""the link for where I can apply"", 15:34:10), not general coaching.","Practice of mobility: drives; uses the drive-through line and values it (""you just pull up in the line with your car and they can help you to put it in your car. So it's easy."", 15:32:32). Meaning: the pantry is what lets a full-time student with children not have to choose between school and feeding the family.","Job coaching is offered but was not communicated to this client, and the gap between ""coaching"" and actual job leads or interview connections is what she is asking to close (""do you know about other services... like job coaching?"" / ""No."", 15:32:55). Value at stake: equitable access. No misalignment on the food service; the drive-through is again a positive.","No AV prompt. Adjacent, automation reaction, positive: ""It's really good and easy. That explain everything."" (15:36:42). The AI surfaced services she had not previously heard of."
"transcripts/AI Interviews/SEC/Participant 11 SP/Participant 11 SP.docx","Spanish-language interview (quotes are translations). Non-discrimination and being seen as part of the community, not a case: ""they do not discriminate against you, they see you as another family united with the community."" (Interviewee 15:13:44). Help arriving at the right moment and staying. Kindness and patience of the English teacher.","Capability: drives, uses multiple services (English classes, financial counseling), embedded in the school's parent community; efficient trip-chaining (""I go, pick up my children from school, and at the same time, I pick up my food."", 15:13:20). Constraint: children in the car, limited parking, and a hard time limit because she has to drive home.","Practice of mobility: one trip does school pickup and food pickup together; the pantry works because it fits inside a trip she already makes. Meaning: the pantry is where she also learns English and manages money and where the parent book-reading meetings happen. It is a community hub, not a food stop.","The AI interview was run on a parent sitting in a car with noisy children, blocking a parking spot, needing to leave; the AI repeated ""what motivated you to continue"" four times, did not register her constraints, and pushed to extend (""I am in an interview, children, please understand... I can't finish it because I am going to drive now."", 15:20:15). Value at stake: relational trust and respect for the client's time and context. No misalignment on the pantry service; she is ""very satisfied with everything"".","Not addressed in this transcript. The Spanish-language AI handled the language but not the context."
"transcripts/AI Interviews/SEC/Participant 12/Participant 12.docx","Household provisioning for a full house (""A lot of people that live in my house."", 15:05:28). Money framed bluntly as the path to stability and happiness: ""Money can buy happiness."" (15:07:34); aspiration is ""Having my own house"".","Capability: has a vehicle and a multigenerational household to support. Constraint: gas; the vehicle exists but fuel does not, always (""Buy vehicle and not having gas all the time."", 15:05:44), fix is ""Gas money."" Constraint: the pantry's other programs are too far from home (""Being closer to home."", 15:07:02).","Practice of mobility: drives, when there is gas; access is rationed by fuel cost week to week, not by whether a car is available. Meaning: thin; the pantry is extra food for a crowded house.","The wraparound programs are centralized at a location that is not close enough to home, and the client will not travel to them (""Being closer to home."", 15:07:02). Value at stake: equitable access. The cost of the trip itself: owning a car does not mean affording to drive it, and the pantry does not help with fuel.","Not addressed in this transcript. Transcript truncated before any such question."
"transcripts/AI Interviews/SEC/Participant 13 SP/Participant 13 SP.docx","Not addressed in this transcript. Spanish-language interview, heavily degraded by background noise and mis-transcription; not enough coherent content to code values.","Constraint: irregular ability to attend (""Whenever I have the opportunity, whenever I have the opportunity, chances to go."", 15:14:56; translated). Constraint: bills. Constraint: time; what would make a program feel doable is that it be ""Quick."" (15:17:25; translated). Interest: financial support, named twice.","Practice of mobility: not established in the transcript; she goes when she can.","The client asks directly what financial-help options exist, and the AI refuses to tell her, redirecting to asking for her ideas: ""What options are there?"" / ""Of course, I won't give you specific options. Rather, what ideas come to your mind..."" (15:19:28; translated). Value at stake: equitable access to information; the instrument is built to extract, not to inform, and says so. The interview was conducted while she was managing her children, and the AI pushed to extend it.","Not addressed in this transcript. AI-experience answer is garbled."
"transcripts/AI Interviews/SEC/Participant 14/Participant 14.docx","Family, specifically their willingness to help: ""Family."" then ""Willingness to help."" (Interviewee 15:24:06 and 15:24:20). What she would do if unconstrained is rest, not achievement: ""I love to go fishing."" / ""It's very relaxing.""","Capability: a family network that is willing to help. Constraint: disability; it is the reason she does not pursue the pantry's other programs (""Handicap."", 15:20:13; ""They expect me to do things I'm not physically capable of."", 15:21:45). Constraint: financial instability, with little to draw on (""Nothing."", 15:20:56, on what keeps her going). Constraint: program locations.","Practice of mobility: not established; the transcript garbles the transport question. (Third-party name and staff crosstalk intrude at 15:19:02.)","The pantry's wraparound programs assume a level of physical capacity the client does not have, so a disabled client is effectively shut out of the job and skill-building side of the service (""what makes you feel unsure or hesitant?"" / ""They expect me to do things I'm not physically capable of."", 15:21:45). Value at stake: equitable access. Programs are also not close enough to home to be worth the trip.","Not addressed in this transcript. Transcript truncated before any such question."
"transcripts/AI Interviews/SEC/Participant 15 SP/Participant 15 SP.docx","Spanish-language interview (quotes are translations). Being listened to and given confidence, and staying in contact by WhatsApp and text: ""they give you confidence, they listen to you"" (Interviewee 15:27:26). Warmth of reception as the thing that makes help usable. Motivation: her children and the purpose of having migrated.","Capability: persistence and slow mobility gain; she walked to the pantry for a year, then bought a small car (""after a year I managed to buy a small car"", 15:25:55); uses the pantry's rent assistance. Constraints: English, a source of sadness and a barrier to trying anything new; the pantry's app runs out of food; reluctance to try unfamiliar programs (""I'm not one to like experimenting with new projects."", 15:28:46).","Practice of mobility: a year on foot, then a small car; buying the car was a year-long project that changed her relationship to the pantry. Meaning: mobility is hard-won progress; the car is evidence of ""striving to be someone better in life"", not a given. Stays connected between visits by WhatsApp and text.","Translation is not enough; she wants Spanish-speaking staff she can build a relationship with, because that is what makes the service feel trustworthy: ""that they speak a little Spanish... which makes you feel reliable, that at least the person understands what you are saying."" (15:29:04). Value at stake: relational trust and equitable access. The app-based food reservation runs out and reads to her as people taking more than their share (""when I enter the application, there's almost nothing"", 15:30:28). Value: equitable access and flexibility for variable need.","No AV prompt. Adjacent, automation reaction, positive: ""good, calm, and the best of all, in Spanish."" (15:31:15). Fifth Spanish-speaking SEC client to say the automated interview worked because it was in Spanish."
"transcripts/AI Interviews/SEC/Participant 16/Participant 16.docx","Familiarity and routine as comfort: ""Just right here in the back."" (Interviewee 15:56:05). Not having to choose between the pantry and her job: ""That I don't have to miss work."" (15:54:21). Her daughter as what keeps her going.","Capability: employed, drives, and schedules pantry visits around work (""I'm usually coming here right after work."" / ""My appointment time."", 15:53:46 and 15:53:59). Constraints: utility bills and general financial pressure; paperwork, named as ""Stamps"" (forms) as the source of hesitation about financial help.","Practice of mobility: drives straight from work to the pantry on an appointment slot she chose to avoid missing work. Meaning: for this client the pantry is a scheduled errand that fits a standard work day; the appointment system is working for her.","Forms and paperwork deter her from the financial-help program (""what makes you feel unsure about trying something like financial help"" / ""Stamps."", 15:57:03). Value at stake: equitable access. Contrary evidence (positive): the appointment and after-work timing let an employed client get food without losing wages; the same scheduling structure that fails the client with unpredictable hours serves the client with a fixed shift. The interview was run while she was apparently driving (""Green light. Why are we breaking?"", 15:58:41).","Not addressed in this transcript. Transcript truncated before any such question."
"transcripts/AI Interviews/SEC/Participant 17/Participant 17.docx","Not addressed in this transcript. Transcript truncated at about three minutes; almost all one to three word answers.","Capability: drives; traffic is minor (""Drive."" / ""Just traffic."" / ""Not too bad.""). Constraint: ran out of food (""No food in my pantry."", 15:59:38). Constraint: bills, and a wish for help paying them (""Pay bill."", 16:01:04).","Practice of mobility: drives, short trip, light traffic.","Did not know the pantry offered anything beyond food, and on hearing the list immediately named financial help as needed (""Do you know about other services... like job coaching or financial support?"" / ""No."", 16:00:17). Value at stake: equitable access to information.","Not addressed in this transcript. Transcript truncated first."
"transcripts/AI Interviews/SEC/Participant 18/Participant 18.docx","Respondent appears to be a child or teenager. Help flows through parents: a parent is who you ask and who takes you (""Asking a parent."" / ""So they could take you there."", 16:13:22 and 16:13:32).","Capability: the family reaches the pantry with a ride or transit card and makes the trip pleasant (""We use a card to get to the trip and we listen to music."", 16:11:13). Constraint: for this young respondent, getting to a service depends entirely on a parent being available to drive. Parent works a job with customer-facing shifts.","Practice of mobility: rides with a parent, listening to music; mobility is a family activity, not an individual one, and it is gated by the parent's time.","The AI is interviewing a child and does not adjust, asking a minor abstract questions about job coaching and financial confidence and getting ""A lot"" and ""I don't know"" in reply. Value at stake: relational trust, and the basic fit between an automated instrument and who is in front of it. Access to the pantry's other services depends on a working parent's availability to provide transportation.","Adjacent design idea from a young community member: after-school food pickup at the child's own school, with the child as courier: ""our school can give us free food. Well, they already do. But, like, after school, you could stop there and they could give you, like, food things for your parents."" (16:14:47). Not an AV response, but a concrete distribution-model idea (route food through a trip that already happens)."
"transcripts/AI Interviews/SEC/Participant 19/Participant 19.docx","Not addressed in this transcript. Transcript truncated under two minutes; one and two word answers only.","Capability: drives, short trip (""Car."" / ""Not far.""). Constraint: wages; employed but the pay does not cover food (""Job pay."", 16:13:16, on why the need for food stood out).","Practice of mobility: drives, close.","Did not know about the pantry's other services (""Do you know about other pantry services beyond food pickup...?"" / ""No."", 16:13:48). Value at stake: equitable access to information.","Not addressed in this transcript. Transcript truncated first."
"transcripts/AI Interviews/SEC/Participant 20/Participant 20.docx","Trust attached to place; the trip feels good because it is a known, trusted area: ""An area I know and trust."" (Interviewee 16:25:57). Family love as what sustains. Wanting to enter medicine in order to help others: ""So I can help others."" (16:27:07). Generous toward the pantry: ""Nothing. They already do."" (16:29:44).","Capability: drives, close, low fuel cost; aspiration to further her education toward a medical career. Constraint: cost; student loans and fees are the barrier (""An opportunity to further my education without having to pay high student loans or fees."", 16:28:30); ""Something close to home and free."" Constraint: did not know the pantry offered education support.","Practice of mobility: drives, short, cheap; familiarity with the area is part of what makes the trip comfortable, not just the distance. Meaning: thin beyond the place-trust point; the pantry is a trusted node in a known neighborhood.","Education support exists at the pantry but was not communicated, and what the client wants (free, close, no-loan training toward a medical credential) implies the accessible options do not currently meet that. Value at stake: equitable access. Idea offered: ""family oriented activities"" at the pantry.","No AV prompt. Adjacent, automation reaction, positive: ""Smooth."" / ""Voice talk."" / ""Good."" (16:29:59 to 16:30:16). She specifically names the voice interface as what made it feel smooth."
"transcripts/AI Interviews/SEC/Participant 21/Participant 21.docx","Wants evidence that help actually produces an outcome, not just a process: ""That it does something, it helps me."" (Interviewee 16:37:40); ""after first couple meetings, there's positive outcomes."" (16:37:56).","Capability: digitally fluent; created the account, saved the ordering link in email, navigates the site; persistence (when construction blocked the route, found another way in). Constraints: traffic and road construction, which disrupted this visit; income to cover bills; the website does not explain the financial-help services (""It's not really described on the website very well."", 16:39:01).","Practice of mobility: a two-step process, place an order on the website then drive to the pantry to collect it. Meaning: for this client the ""trip"" includes the digital leg; she describes construction as ""blocking the streets that access the website or the location"" (16:35:05), collapsing the online order and the physical pickup into one journey.","The order-online-then-collect model works for a digitally fluent client but hides the wraparound services; she can place a food order but cannot find where financial help is described or how to start it (""Do you need a separate account? Email address? Who you might be contacted by?"", 16:41:31). Value at stake: equitable access to information. Road construction disrupts a pantry people must reach on a schedule, with no fallback. The AI interview itself dropped out twice mid-conversation (""Alex, are you still there?"", 16:36:38). Value: relational trust and basic instrument reliability.","Not addressed in this transcript. The AI's own connectivity failures are the clearest instrument-reliability evidence in the corpus."
"transcripts/AI Interviews/SEC/Participant 22/Participant 22.docx","Welcome and hands-on help: ""They are welcoming and they help you with stuff."" (Interviewee 16:40:37). The pantry as a way to not spend money across categories, not just food: ""We don't have to spend money."" (16:43:49).","Capability: uses multiple SEC services, food and the clothing program (""Oh, clothing."" / ""They have new clothes."" / ""There are always a lot of options.""). Constraint: the food service is monthly (""What, once a week? No, once a month."", 16:39:27). Constraint: transportation; asked what support would help, the client's answer is transit (""Transportations."" / ""Bus lines."", 16:44:58 and 16:45:09).","Practice of mobility: reaches the pantry monthly; describes the trip as easy and unchanged, yet still names bus lines as the help needed, suggesting the transportation concern is for the wider set of trips or for others. Meaning: the pantry saves money on food and clothing both; a household-budget institution, not only a hunger response.","Monthly food frequency, another rationing cap. Value at stake: flexibility for variable need. Transportation and bus access named as the missing support, from a client who otherwise reports an easy trip (""What kind of support from the pantry would help...?"" / ""Transportations."", 16:44:58). Value: equitable access. Contrary evidence (positive): SEC's food choice and its stocked clothing program are repeatedly praised.","Not addressed in this transcript."
